{
  "format": "mnist8-linear-custom-float32-positive",
  "train_accuracy": 0.8277999758720398,
  "test_accuracy": 0.8237000107765198,
  "hardware_exact_test_accuracy": 0.8237,
  "kept_fraction_bits": 12,
  "non_negative_weights": true,
  "zero_bias": true,
  "weights_shape": [
    10,
    64
  ],
  "bias_shape": [
    10
  ],
  "prototypes": [
    "0011110000100100001001000010010000100100001001000011110000000000",
    "0001100000111000000110000001100000011000000110000011110000000000",
    "0011110000000100000001000001110000100000001000000011111000000000",
    "0011110000000100000001000001110000000100000001000011110000000000",
    "0010010000100100001001000011111000000100000001000000010000000000",
    "0011111000100000001000000011110000000100000001000011110000000000",
    "0011110000100000001000000011110000100100001001000011110000000000",
    "0011111000000100000010000001000000010000001000000010000000000000",
    "0011110000100100001001000011110000100100001001000011110000000000",
    "0011110000100100001001000011111000000100000001000011110000000000"
  ],
  "prototype_predictions_hardware": [
    0,
    1,
    2,
    3,
    4,
    5,
    6,
    7,
    8,
    9
  ],
  "weights": [
    [
      0.0,
      0.0,
      1.073974609375,
      1.204345703125,
      0.733154296875,
      0.7635498046875,
      0.0,
      0.0,
      0.0,
      0.0,
      0.763916015625,
      0.753662109375,
      1.88134765625,
      0.6627197265625,
      0.4791259765625,
      0.0,
      0.0,
      0.0933685302734375,
      0.30023193359375,
      1.126220703125,
      2.53466796875,
      3.91748046875,
      1.731201171875,
      0.007900238037109375,
      0.0,
      1.8466796875,
      2.8662109375,
      1.28466796875,
      0.0,
      1.21435546875,
      2.84619140625,
      0.28228759765625,
      0.0,
      1.3857421875,
      3.00634765625,
      0.2952880859375,
      0.0,
      1.88671875,
      2.01611328125,
      0.567138671875,
      0.0,
      1.62353515625,
      2.79296875,
      1.296630859375,
      0.4873046875,
      1.911376953125,
      1.308837890625,
      0.37322998046875,
      0.0,
      0.839111328125,
      1.511962890625,
      2.63818359375,
      1.22607421875,
      0.9642333984375,
      0.00798797607421875,
      0.0,
      0.0,
      0.0,
      0.03769683837890625,
      0.009181976318359375,
      0.0,
      0.0,
      0.0,
      0.0
    ],
    [
      0.0,
      0.0,
      0.0,
      2.59814453125,
      3.0771484375,
      0.0,
      0.0,
      0.0,
      0.0,
      0.32745361328125,
      0.4833984375,
      1.151123046875,
      1.39990234375,
      0.8031005859375,
      1.416748046875,
      0.0,
      0.0,
      0.066070556640625,
      0.0,
      0.02899932861328125,
      1.615966796875,
      0.9864501953125,
      0.144287109375,
      0.0,
      0.0,
      0.0,
      0.05828857421875,
      1.039306640625,
      3.705078125,
      0.1500244140625,
      0.0,
      0.0,
      0.0,
      0.0,
      0.0,
      1.7294921875,
      3.02685546875,
      0.0,
      0.0,
      0.0,
      0.0,
      0.03247833251953125,
      0.723388671875,
      2.33056640625,
      0.021274566650390625,
      0.0,
      0.77490234375,
      0.3431396484375,
      0.0,
      1.650634765625,
      1.926513671875,
      0.0,
      0.9422607421875,
      1.49462890625,
      0.0,
      0.0,
      0.0,
      0.0,
      0.0,
      0.0,
      0.0,
      0.0,
      0.0,
      0.0
    ],
    [
      0.0,
      0.0,
      2.34228515625,
      1.49755859375,
      1.685546875,
      1.954833984375,
      0.0,
      0.0,
      0.0,
      0.8238525390625,
      1.425537109375,
      2.5048828125,
      2.1982421875,
      0.5859375,
      0.5335693359375,
      0.0,
      0.3211669921875,
      0.94775390625,
      0.8262939453125,
      0.5560302734375,
      1.5830078125,
      2.3837890625,
      1.236328125,
      0.0,
      0.0,
      0.0,
      0.0,
      0.0,
      0.961669921875,
      1.31396484375,
      1.245849609375,
      0.024417877197265625,
      0.01507568359375,
      0.955322265625,
      1.5673828125,
      1.951904296875,
      2.140625,
      0.860107421875,
      1.501708984375,
      1.657470703125,
      0.0,
      2.4931640625,
      2.658203125,
      2.73681640625,
      1.700439453125,
      2.15478515625,
      2.62744140625,
      1.469970703125,
      0.194610595703125,
      1.583984375,
      1.706787109375,
      0.283935546875,
      0.28466796875,
      2.16748046875,
      3.20166015625,
      0.2392578125,
      0.0,
      0.0,
      0.007040977478027344,
      0.0,
      1.171630859375,
      0.0,
      0.0,
      0.0
    ],
    [
      0.0,
      0.0,
      1.0224609375,
      0.6478271484375,
      0.6982421875,
      1.134765625,
      0.0,
      0.0,
      0.0,
      1.659912109375,
      1.759521484375,
      2.25439453125,
      1.685791015625,
      0.35540771484375,
      0.0,
      0.0,
      0.0,
      1.83154296875,
      0.6732177734375,
      0.003792285919189453,
      2.70654296875,
      2.9921875,
      1.764892578125,
      0.0,
      0.0,
      0.2652587890625,
      0.5250244140625,
      1.811279296875,
      3.35400390625,
      1.3671875,
      0.08880615234375,
      0.0,
      0.451171875,
      0.88818359375,
      0.216949462890625,
      1.287841796875,
      1.761474609375,
      2.2509765625,
      1.576416015625,
      0.0,
      0.9185791015625,
      2.92626953125,
      0.5928955078125,
      0.0,
      0.81201171875,
      2.51708984375,
      2.00244140625,
      0.0,
      0.047332763671875,
      2.25927734375,
      2.37451171875,
      1.212890625,
      1.506591796875,
      1.804443359375,
      0.679931640625,
      0.0,
      0.0,
      0.46868896484375,
      1.74560546875,
      2.47705078125,
      1.896728515625,
      0.9473876953125,
      0.41949462890625,
      0.0
    ],
    [
      0.0,
      0.0,
      1.998291015625,
      0.0,
      0.0,
      2.10302734375,
      0.0,
      0.0,
      0.0,
      0.654541015625,
      0.6829833984375,
      0.0,
      0.0466766357421875,
      0.39019775390625,
      1.736572265625,
      0.0,
      0.0,
      0.6839599609375,
      0.785888671875,
      0.28485107421875,
      0.027675628662109375,
      2.71044921875,
      1.31201171875,
      0.36712646484375,
      0.0,
      1.18408203125,
      3.72412109375,
      2.52197265625,
      1.531005859375,
      2.201171875,
      1.853271484375,
      0.0,
      0.015979766845703125,
      2.21142578125,
      2.39013671875,
      3.11962890625,
      3.38134765625,
      2.63134765625,
      1.165283203125,
      0.0,
      0.114227294921875,
      0.013051986694335938,
      0.181976318359375,
      0.8885498046875,
      1.42626953125,
      0.39349365234375,
      0.0003961324691772461,
      0.0,
      0.0,
      0.0,
      0.0,
      0.027515411376953125,
      0.32525634765625,
      1.7265625,
      1.136474609375,
      0.0,
      0.0,
      0.130126953125,
      0.0,
      0.0,
      0.002445220947265625,
      0.0007263422012329102,
      0.0053386688232421875,
      0.0
    ],
    [
      0.0,
      0.0,
      0.0,
      0.0,
      0.0,
      0.0,
      5.8369140625,
      0.0,
      0.0,
      0.0008826255798339844,
      1.076171875,
      0.745361328125,
      1.1767578125,
      0.78271484375,
      1.8828125,
      0.4051513671875,
      0.0,
      0.015316009521484375,
      1.18896484375,
      0.9698486328125,
      1.025146484375,
      2.40966796875,
      3.453125,
      2.55859375,
      0.0,
      1.529541015625,
      3.16552734375,
      3.615234375,
      1.0380859375,
      0.002986907958984375,
      0.0,
      0.25848388671875,
      0.0,
      0.0,
      0.751220703125,
      1.13720703125,
      0.9132080078125,
      1.513427734375,
      1.03173828125,
      0.0271759033203125,
      0.0,
      1.995361328125,
      1.28759765625,
      0.54541015625,
      0.66943359375,
      2.1005859375,
      1.702392578125,
      0.2581787109375,
