{
  "format": "mnist8-linear-float32",
  "train_accuracy": 0.8168833255767822,
  "test_accuracy": 0.8245000243186951,
  "weights_shape": [
    10,
    64
  ],
  "bias_shape": [
    10
  ],
  "prototypes": [
    "0000000000011100001111100011011001100110011111000011100000000000",
    "0000000000001000000010000001100000011000000110000001100000000000",
    "0000000000011100000111000000110000111100001111100011100000000000",
    "0000000000011100001111000001110000011100000011000011110000000000",
    "0000000000000000001101000011110000111100000111000000100000000000",
    "0000000000001100000111100011100000111100001111000011100000000000",
    "0000000000011000000110000011110000111110001111000001100000000000",
    "0000000000000000001111000011110000001100000110000001100000010000",
    "0000000000011100001111000011110000011100001111000011100000000000",
    "0000000000000000001111000011110000111100000110000001100000000000"
  ],
  "weights": [
    [
      0.004305947106331587,
      -0.037137653678655624,
      -0.009525115601718426,
      -0.05741782486438751,
      -0.3753262460231781,
      -0.1991851031780243,
      -0.05928545445203781,
      0.015996506437659264,
      -0.016606556251645088,
      -0.16581538319587708,
      -0.32684192061424255,
      -0.08588247001171112,
      0.7862035632133484,
      0.25249284505844116,
      -0.35079288482666016,
      -0.0635966807603836,
      0.025279704481363297,
      -0.5009194016456604,
      -0.46217992901802063,
      0.07580796629190445,
      0.6576550602912903,
      1.5593994855880737,
      0.5240646004676819,
      -0.5015239119529724,
      -0.006045839283615351,
      0.5126351714134216,
      0.5125433802604675,
      0.45629918575286865,
      -2.0683517456054688,
      -0.16894391179084778,
      1.3260527849197388,
      -0.08383172750473022,
      0.004690363071858883,
      0.3658903241157532,
      1.7108131647109985,
      -1.084822416305542,
      -3.0664026737213135,
      0.5631429553031921,
      0.7668269276618958,
      0.08388807624578476,
      0.012007035315036774,
      0.631147027015686,
      1.5228153467178345,
      -0.18689309060573578,
      -0.1638159304857254,
      0.3241698741912842,
      0.16759641468524933,
      0.012233702465891838,
      0.027005458250641823,
      0.15503588318824768,
      0.39124494791030884,
      1.5109801292419434,
      0.31576576828956604,
      -0.48195141553878784,
      -0.5593792796134949,
      -0.001037189387716353,
      -0.028680816292762756,
      -0.052977532148361206,
      -0.6496243476867676,
      -0.9455384016036987,
      -0.7458762526512146,
      -0.3984059691429138,
      -0.02550584077835083,
      -0.048322729766368866
    ],
    [
      -0.020901767536997795,
      0.0024138218723237514,
      -0.04505530372262001,
      -0.1050429493188858,
      0.3133683204650879,
      -0.002797230612486601,
      -0.01053412165492773,
      -0.023980917409062386,
      0.03375484421849251,
      0.057378023862838745,
      -1.0849957466125488,
      0.2685309648513794,
      0.16191476583480835,
      0.5323167443275452,
      0.604333221912384,
      -0.02165147289633751,
      0.052268948405981064,
      -0.1794903576374054,
      -1.6012341976165771,
      -0.9314002394676208,
      0.043649330735206604,
      -1.381266474723816,
      -1.1932014226913452,
      -0.04860002547502518,
      0.0009667485137470067,
      -0.09867867082357407,
      -1.5520888566970825,
      -0.8526083827018738,
      2.0738091468811035,
      -1.1585489511489868,
      -0.8828191161155701,
      -0.04843209683895111,
      -0.03891671448945999,
      -0.22923292219638824,
      -2.054159641265869,
      -0.151048481464386,
      1.052817940711975,
      -3.011723756790161,
      -0.5607223510742188,
      -0.010962407104671001,
      -0.016066303476691246,
      -0.9055989980697632,
      -0.39794471859931946,
      0.785477340221405,
      -1.1323812007904053,
      -1.059643030166626,
      0.35293808579444885,
      0.11940180510282516,
      0.011438566260039806,
      0.7218595147132874,
      0.512294590473175,
      -1.1149014234542847,
      0.16181720793247223,
      0.01073860377073288,
      -0.3357568085193634,
      0.010278463363647461,
      0.012316646985709667,
      -0.2658582627773285,
      -0.7399440407752991,
      -0.9872359037399292,
      -1.0841584205627441,
      -0.08526494354009628,
      -0.05662676692008972,
      -0.040143273770809174
    ],
    [
      0.025182751938700676,
      0.024396557360887527,
      0.041833121329545975,
      0.3155781924724579,
      0.42342451214790344,
      0.06380201876163483,
      -0.020316308364272118,
      0.020161110907793045,
      -0.03814585134387016,
      0.24986931681632996,
      1.0861402750015259,
      1.500661015510559,
      1.0706135034561157,
      0.2363084852695465,
      -0.2523864507675171,
      -0.03411703184247017,
      0.026456693187355995,
      0.44090354442596436,
      0.3063116669654846,
      -0.3330385684967041,
      0.11742730438709259,
      -0.05414707213640213,
      -0.08011409640312195,
      -0.16858923435211182,
      -0.059465568512678146,
      -2.2585036754608154,
      -2.5183792114257812,
      -2.3826088905334473,
      -0.9153569340705872,
      -0.2795460522174835,
      -0.2712811231613159,
      -0.14466896653175354,
      -0.11707419902086258,
      0.140326127409935,
      0.17495931684970856,
      0.5405163764953613,
      -0.037600982934236526,
      -0.49089759588241577,
      0.2626524865627289,
      1.0935518741607666,
      -0.2140645682811737,
      1.3470538854599,
      1.3342266082763672,
      1.2056035995483398,
      0.7019635438919067,
      0.9854084849357605,
      1.63654625415802,
      0.950632631778717,
      0.004327327478677034,
      0.6206598877906799,
      0.5019997954368591,
      -0.7982475757598877,
      -0.6816228032112122,
      0.7078155875205994,
      1.1637940406799316,
      0.10347549617290497,
      -0.011357505805790424,
      -0.21988601982593536,
      -0.6460617184638977,
      -0.6998557448387146,
      0.027371708303689957,
      -0.29564785957336426,
      -0.10922049731016159,
      0.06159121170639992
    ],
    [
      0.05805037170648575,
      -0.05949455872178078,
      -0.03328846022486687,
      -0.08542440831661224,
      -0.0949065089225769,
      -0.010722833685576916,
      -0.00010504543752176687,
      -0.05672401934862137,
      0.02817773073911667,
      1.106397271156311,
      1.2480149269104004,
      1.3516130447387695,
      0.5778205990791321,
      -0.06517922878265381,
      -1.0124012231826782,
      0.0013416189467534423,
      -0.08152646571397781,
      1.1932098865509033,
      0.11661282926797867,
      -1.0090506076812744,
      1.1467385292053223,
      0.7225983142852783,
      0.4113508462905884,
      -0.1098821684718132,
      0.014112078584730625,
      -1.0226504802703857,
      -1.4935526847839355,
      -0.14717857539653778,
      1.6991016864776611,
      -0.07125087082386017,
      -1.097784161567688,
      -0.02265297621488571,
      0.16522513329982758,
      -0.2407560646533966,
      -0.9127811789512634,
      -0.32041922211647034,
      -0.345290869474411,
      0.7367479205131531,
      0.33697211742401123,
      -0.18537749350070953,
      0.41956356167793274,
      1.7333388328552246,
      -0.4918973743915558,
      -1.8365079164505005,
      -0.010928984731435776,
      1.1027419567108154,
      0.762014627456665,
      -0.2206907421350479,
      -0.02369113638997078,
      1.5419398546218872,
      1.069951057434082,
      0.30091556906700134,
      0.6463117599487305,
      0.16413919627666473,
      -0.3590447008609772,
      -0.08200418949127197,
      -0.014085876755416393,
      0.1721557378768921,
      1.08698308467865,
      1.4807443618774414,
      0.7737360596656799,
      0.25712740421295166,
      0.069390669465065,
      0.0349336676299572
    ],
    [
      0.01673903316259384,
      0.03864666819572449,
