{
  "format": "mnist8-mlp-64x8x10-custom-float32",
  "train_accuracy": 0.8350461721420288,
  "test_accuracy": 0.8284000158309937,
  "hardware_exact_test_accuracy": 0.8284,
  "kept_fraction_bits": 12,
  "hidden_size": 8,
  "prototypes": [
    "0011110000100100001001000010010000100100001001000011110000000000",
    "0001100000111000000110000001100000011000000110000011110000000000",
    "0011110000000100000001000001110000100000001000000011111000000000",
    "0011110000000100000001000001110000000100000001000011110000000000",
    "0010010000100100001001000011111000000100000001000000010000000000",
    "0011111000100000001000000011110000000100000001000011110000000000",
    "0011110000100000001000000011110000100100001001000011110000000000",
    "0011111000000100000010000001000000010000001000000010000000000000",
    "0011110000100100001001000011110000100100001001000011110000000000",
    "0011110000100100001001000011111000000100000001000011110000000000"
  ],
  "prototype_predictions_hardware": [
    0,
    1,
    2,
    3,
    4,
    5,
    6,
    7,
    8,
    9
  ],
  "w1": [
    [
      7.837011653382575e-38,
      1.2168203240933836e-39,
      -1.4775390625,
      1.111328125,
      1.297119140625,
      -0.777587890625,
      0.155364990234375,
      4.907459325942655e-40,
      -7.834715765978625e-40,
      -0.0549774169921875,
      0.4920654296875,
      0.4815673828125,
      0.36334228515625,
      0.1998291015625,
      0.285400390625,
      0.827392578125,
      -0.28338623046875,
      0.426513671875,
      0.32861328125,
      0.893310546875,
      1.079833984375,
      -0.5543212890625,
      -1.226318359375,
      0.1331787109375,
      0.29425048828125,
      1.165771484375,
      -0.015216827392578125,
      0.10125732421875,
      0.53564453125,
      0.30267333984375,
      0.06561279296875,
      -0.1287841796875,
      0.24725341796875,
      -0.646240234375,
      -0.8056640625,
      -0.828369140625,
      -0.3465576171875,
      0.24560546875,
      0.005419731140136719,
      -0.48773193359375,
      0.49041748046875,
      0.09075927734375,
      -0.838134765625,
      -0.4488525390625,
      -0.3729248046875,
      0.6866455078125,
      -0.27496337890625,
      0.1131591796875,
      -0.188812255859375,
      1.0146484375,
      0.712646484375,
      0.7354736328125,
      0.7945556640625,
      -0.04874420166015625,
      -1.158203125,
      -0.26849365234375,
      -3.5729747723968456e-39,
      0.04143524169921875,
      1.36181640625,
      1.770263671875,
      1.9287109375,
      1.419189453125,
      0.981689453125,
      -1.1562662938142081e-38
    ],
    [
      -2.0505144376526475e-38,
      2.965862222481519e-09,
      0.531982421875,
      1.227294921875,
      0.564697265625,
      0.5355224609375,
      3.3583984375,
      -6.649463893689551e-39,
      -1.2202641551993082e-38,
      0.1168212890625,
      -0.31317138671875,
      -0.219268798828125,
      -0.3568115234375,
      -0.5726318359375,
      -1.268798828125,
      -0.7027587890625,
      0.03754425048828125,
      0.176605224609375,
      0.27587890625,
      -0.291259765625,
      0.22900390625,
      0.6114501953125,
      1.272705078125,
      0.237548828125,
      0.0709686279296875,
      0.152801513671875,
      -0.218475341796875,
      -0.3865966796875,
      0.3818359375,
      -0.1241455078125,
      0.13751220703125,
      0.8924560546875,
      0.10736083984375,
      -0.3773193359375,
      -0.324462890625,
      -0.13946533203125,
      0.09906005859375,
      -0.64208984375,
      -1.570556640625,
      -0.938232421875,
      0.43414306640625,
      -0.3314208984375,
      0.516845703125,
      0.8265380859375,
      -0.164306640625,
      -0.868408203125,
      -1.883544921875,
      0.5343017578125,
      0.024410247802734375,
      0.23895263671875,
      0.1084136962890625,
      0.2994384765625,
      -0.04978179931640625,
      -2.505859375,
      -2.1953125,
      -8.416723222879895e-38,
      2.7619525469515857e-38,
      -0.010492324829101562,
      -0.222259521484375,
      -0.0795745849609375,
      -0.0419158935546875,
      -0.2659912109375,
      0.6080322265625,
      4.485016043615896e-38
    ],
    [
      2.0533842969075847e-38,
      -2.483576199222675e-38,
      0.392578125,
      0.3538818359375,
      0.2657470703125,
      0.91015625,
      1.7919921875,
      2.9140550874632586e-38,
      8.933871860619583e-39,
      -0.1011199951171875,
      0.40631103515625,
      0.192413330078125,
      0.23138427734375,
      0.139404296875,
      -0.164337158203125,
      0.30706787109375,
      0.59765625,
      0.44671630859375,
      0.187896728515625,
      5.109608173370361e-05,
      0.025493621826171875,
      -0.861083984375,
      -0.5645751953125,
      -0.0630340576171875,
      0.41766357421875,
      0.6102294921875,
      -0.141998291015625,
      0.066497802734375,
      -0.5635986328125,
      -0.143951416015625,
      0.0678863525390625,
      -0.5185546875,
      -0.1214141845703125,
      -0.0660247802734375,
      0.564208984375,
      -0.6212158203125,
      -1.0400390625,
      0.6923828125,
      1.114013671875,
      0.0216064453125,
      -0.2138671875,
      0.366455078125,
      0.58740234375,
      1.0625,
      0.483154296875,
      1.088134765625,
      -0.0749664306640625,
      0.17840576171875,
      0.129180908203125,
      -0.0269775390625,
      0.14630126953125,
      0.8101806640625,
      0.1702880859375,
      -1.01806640625,
      -1.5439453125,
      -0.29443359375,
      7.088552359694947e-39,
      -0.198760986328125,
      -0.6224365234375,
      -0.03202056884765625,
      0.8162841796875,
      -0.3310546875,
      -0.33795166015625,
      -8.609577764811676e-40
    ],
    [
      -5.4556024436356654e-39,
      -7.754359706840383e-39,
      1.1943359375,
      -0.069427490234375,
      -0.016849517822265625,
      0.7364501953125,
      -3.98388671875,
      9.67142568913845e-40,
      1.578422590215474e-38,
      0.26910400390625,
      0.27655029296875,
      -0.178466796875,
      -0.36273193359375,
      -0.584716796875,
      -0.57763671875,
      -0.41912841796875,
      0.39019775390625,
      0.9949951171875,
      0.4066162109375,
      0.9466552734375,
      1.02197265625,
      0.860595703125,
      -0.29486083984375,
      -0.5482177734375,
      1.14892578125,
      0.8795166015625,
      0.6761474609375,
      -0.48590087890625,
      0.2213134765625,
      1.22265625,
      0.328125,
      -1.602294921875,
      0.02690887451171875,
      0.9403076171875,
      0.21844482421875,
      -0.506591796875,
      0.0672454833984375,
      1.16259765625,
      0.434326171875,
      0.0784759521484375,
      0.132171630859375,
      -0.537841796875,
      -0.8011474609375,
      -0.872802734375,
      -0.05718994140625,
      -0.2548828125,
      -1.388916015625,
      -0.6409912109375,
      -0.0848846435546875,
      0.05548095703125,
      -0.0975494384765625,
      0.087738037109375,
      -0.017307281494140625,
      -0.292724609375,
      -0.9151611328125,
      0.0803070068359375,
      -6.084101620466918e-40,
      1.035888671875,
      1.151123046875,
      0.973388671875,
      0.8260498046875,
      0.6865234375,
      0.50341796875,
      -2.090405481296275e-38
    ],
    [
      3.791658047623062e-38,
      -6.293601346077335e-39,
      1.148193359375,
      -1.386474609375,
      -0.8731689453125,
      1.278076171875,
      0.7191162109375,
      -7.435805329542351e-39,
      2.3372133772208763e-38,
      1.14501953125,
      0.4346923828125,
      0.44647216796875,
      -0.0507965087890625,
      -0.064361572265625,
      -0.890625,
      -0.7137451171875,
      -0.08770751953125,
      0.93115234375,
      0.1658935546875,
      -1.11328125,
      -0.51513671875,
      0.5352783203125,
      1.021484375,
      0.24346923828125,
      0.04845428466796875,
      -0.288330078125,
      -0.5325927734375,
      0.27020263671875,
      0.906494140625,
